<?xml version="1.0" encoding="UTF-8"?>
<!DOCTYPE plist PUBLIC "-//Apple Computer//DTD PLIST 1.0//EN" "http://www.apple.com/DTDs/PropertyList-1.0.dtd">
<plist version="1.0">
    <dict>
        <key>frames</key>
        <dict>
            <key>BottomL_0.png</key>
            <dict>
                <key>frame</key>
                <string>{{1,1},{36,13}}</string>
                <key>offset</key>
                <string>{0,0}</string>
                <key>rotated</key>
                <false/>
                <key>sourceColorRect</key>
                <string>{{0,0},{36,13}}</string>
                <key>sourceSize</key>
                <string>{36,13}</string>
            </dict>
            <key>BottomR_0.png</key>
            <dict>
                <key>frame</key>
                <string>{{38,1},{36,13}}</string>
                <key>offset</key>
                <string>{0,0}</string>
                <key>rotated</key>
                <false/>
                <key>sourceColorRect</key>
                <string>{{0,0},{36,13}}</string>
                <key>sourceSize</key>
                <string>{36,13}</string>
            </dict>
            <key>HeadL_0.png</key>
            <dict>
                <key>frame</key>
                <string>{{75,1},{45,47}}</string>
                <key>offset</key>
                <string>{0,0}</string>
                <key>rotated</key>
                <false/>
                <key>sourceColorRect</key>
                <string>{{0,0},{45,47}}</string>
                <key>sourceSize</key>
                <string>{45,47}</string>
            </dict>
            <key>HeadR_0.png</key>
            <dict>
                <key>frame</key>
                <string>{{121,1},{45,47}}</string>
                <key>offset</key>
                <string>{0,0}</string>
                <key>rotated</key>
                <false/>
                <key>sourceColorRect</key>
                <string>{{0,0},{45,47}}</string>
                <key>sourceSize</key>
                <string>{45,47}</string>
            </dict>
            <key>HeadlessL_0.png</key>
            <dict>
                <key>frame</key>
                <string>{{167,1},{36,36}}</string>
                <key>offset</key>
                <string>{0,0}</string>
                <key>rotated</key>
                <false/>
                <key>sourceColorRect</key>
                <string>{{0,0},{36,36}}</string>
                <key>sourceSize</key>
                <string>{36,36}</string>
            </dict>
            <key>HeadlessR_0.png</key>
            <dict>
                <key>frame</key>
                <string>{{204,1},{36,36}}</string>
                <key>offset</key>
                <string>{0,0}</string>
                <key>rotated</key>
                <false/>
                <key>sourceColorRect</key>
                <string>{{0,0},{36,36}}</string>
                <key>sourceSize</key>
                <string>{36,36}</string>
            </dict>
            <key>Teleport_0.png</key>
            <dict>
                <key>frame</key>
                <string>{{241,1},{62,172}}</string>
                <key>offset</key>
                <string>{0,0}</string>
                <key>rotated</key>
                <false/>
                <key>sourceColorRect</key>
                <string>{{0,0},{62,172}}</string>
                <key>sourceSize</key>
                <string>{62,172}</string>
            </dict>
            <key>Teleport_1.png</key>
            <dict>
                <key>frame</key>
                <string>{{304,1},{62,172}}</string>
                <key>offset</key>
                <string>{0,0}</string>
                <key>rotated</key>
                <false/>
                <key>sourceColorRect</key>
                <string>{{0,0},{62,172}}</string>
                <key>sourceSize</key>
                <string>{62,172}</string>
            </dict>
            <key>Teleport_2.png</key>
            <dict>
                <key>frame</key>
                <string>{{367,1},{62,172}}</string>
                <key>offset</key>
                <string>{0,0}</string>
                <key>rotated</key>
                <false/>
                <key>sourceColorRect</key>
                <string>{{0,0},{62,172}}</string>
                <key>sourceSize</key>
                <string>{62,172}</string>
            </dict>
            <key>Teleport_3.png</key>
            <dict>
                <key>frame</key>
                <string>{{430,1},{62,172}}</string>
                <key>offset</key>
                <string>{0,0}</string>
                <key>rotated</key>
                <false/>
                <key>sourceColorRect</key>
                <string>{{0,0},{62,172}}</string>
                <key>sourceSize</key>
                <string>{62,172}</string>
            </dict>
            <key>Teleport_4.png</key>
            <dict>
                <key>frame</key>
                <string>{{1,174},{62,172}}</string>
                <key>offset</key>
                <string>{0,0}</string>
                <key>rotated</key>
                <false/>
                <key>sourceColorRect</key>
                <string>{{0,0},{62,172}}</string>
                <key>sourceSize</key>
                <string>{62,172}</string>
            </dict>
            <key>Teleport_5.png</key>
            <dict>
                <key>frame</key>
                <string>{{64,174},{62,172}}</string>
                <key>offset</key>
                <string>{0,0}</string>
                <key>rotated</key>
                <false/>
                <key>sourceColorRect</key>
                <string>{{0,0},{62,172}}</string>
                <key>sourceSize</key>
                <string>{62,172}</string>
            </dict>
            <key>Teleport_6.png</key>
            <dict>
                <key>frame</key>
                <string>{{127,174},{62,172}}</string>
                <key>offset</key>
                <string>{0,0}</string>
                <key>rotated</key>
                <false/>
                <key>sourceColorRect</key>
                <string>{{0,0},{62,172}}</string>
                <key>sourceSize</key>
                <string>{62,172}</string>
            </dict>
            <key>TopHeadlessL_0.png</key>
            <dict>
                <key>frame</key>
                <string>{{190,174},{36,23}}</string>
                <key>offset</key>
                <string>{0,0}</string>
                <key>rotated</key>
                <false/>
                <key>sourceColorRect</key>
                <string>{{0,0},{36,23}}</string>
                <key>sourceSize</key>
                <string>{36,23}</string>
            </dict>
            <key>TopHeadlessR_0.png</key>
            <dict>
                <key>frame</key>
                <string>{{227,174},{36,23}}</string>
                <key>offset</key>
                <string>{0,0}</string>
                <key>rotated</key>
                <false/>
                <key>sourceColorRect</key>
                <string>{{0,0},{36,23}}</string>
                <key>sourceSize</key>
                <string>{36,23}</string>
            </dict>
            <key>TopL_0.png</key>
            <dict>
                <key>frame</key>
                <string>{{264,174},{45,54}}</string>
                <key>offset</key>
                <string>{0,0}</string>
                <key>rotated</key>
                <false/>
                <key>sourceColorRect</key>
                <string>{{0,0},{45,54}}</string>
                <key>sourceSize</key>
                <string>{45,54}</string>
            </dict>
            <key>TopR_0.png</key>
            <dict>
                <key>frame</key>
                <string>{{310,174},{45,54}}</string>
                <key>offset</key>
                <string>{0,0}</string>
                <key>rotated</key>
                <false/>
                <key>sourceColorRect</key>
                <string>{{0,0},{45,54}}</string>
                <key>sourceSize</key>
                <string>{45,54}</string>
            </dict>
            <key>alertL_0.png</key>
            <dict>
                <key>frame</key>
                <string>{{356,174},{45,68}}</string>
                <key>offset</key>
                <string>{0,0}</string>
                <key>rotated</key>
                <false/>
                <key>sourceColorRect</key>
                <string>{{0,0},{45,68}}</string>
                <key>sourceSize</key>
                <string>{45,68}</string>
            </dict>
            <key>alertL_1.png</key>
            <dict>
                <key>frame</key>
                <string>{{402,174},{45,68}}</string>
                <key>offset</key>
                <string>{0,0}</string>
                <key>rotated</key>
                <false/>
                <key>sourceColorRect</key>
                <string>{{0,0},{45,68}}</string>
                <key>sourceSize</key>
                <string>{45,68}</string>
            </dict>
            <key>alertL_2.png</key>
            <dict>
                <key>frame</key>
                <string>{{448,174},{45,68}}</string>
                <key>offset</key>
                <string>{0,0}</string>
                <key>rotated</key>
                <false/>
                <key>sourceColorRect</key>
                <string>{{0,0},{45,68}}</string>
                <key>sourceSize</key>
                <string>{45,68}</string>
            </dict>
            <key>alertL_3.png</key>
            <dict>
                <key>frame</key>
                <string>{{1,347},{45,68}}</string>
                <key>offset</key>
                <string>{0,0}</string>
                <key>rotated</key>
                <false/>
                <key>sourceColorRect</key>
                <string>{{0,0},{45,68}}</string>
                <key>sourceSize</key>
                <string>{45,68}</string>
            </dict>
            <key>alertL_4.png</key>
            <dict>
                <key>frame</key>
                <string>{{47,347},{45,68}}</string>
                <key>offset</key>
                <string>{0,0}</string>
                <key>rotated</key>
                <false/>
                <key>sourceColorRect</key>
                <string>{{0,0},{45,68}}</string>
                <key>sourceSize</key>
                <string>{45,68}</string>
            </dict>
            <key>alertR_0.png</key>
            <dict>
                <key>frame</key>
                <string>{{93,347},{45,68}}</string>
                <key>offset</key>
                <string>{0,0}</string>
                <key>rotated</key>
                <false/>
                <key>sourceColorRect</key>
                <string>{{0,0},{45,68}}</string>
                <key>sourceSize</key>
                <string>{45,68}</string>
            </dict>
            <key>alertR_1.png</key>
            <dict>
                <key>frame</key>
                <string>{{139,347},{45,68}}</string>
                <key>offset</key>
                <string>{0,0}</string>
                <key>rotated</key>
                <false/>
                <key>sourceColorRect</key>
                <string>{{0,0},{45,68}}</string>
                <key>sourceSize</key>
                <string>{45,68}</string>
            </dict>
            <key>alertR_2.png</key>
            <dict>
                <key>frame</key>
                <string>{{185,347},{45,68}}</string>
                <key>offset</key>
                <string>{0,0}</string>
                <key>rotated</key>
                <false/>
                <key>sourceColorRect</key>
                <string>{{0,0},{45,68}}</string>
                <key>sourceSize</key>
                <string>{45,68}</string>
            </dict>
            <key>alertR_3.png</key>
            <dict>
                <key>frame</key>
                <string>{{231,347},{45,68}}</string>
                <key>offset</key>
                <string>{0,0}</string>
                <key>rotated</key>
                <false/>
                <key>sourceColorRect</key>
                <string>{{0,0},{45,68}}</string>
                <key>sourceSize</key>
                <string>{45,68}</string>
            </dict>
            <key>alertR_4.png</key>
            <dict>
                <key>frame</key>
                <string>{{277,347},{45,68}}</string>
                <key>offset</key>
                <string>{0,0}</string>
                <key>rotated</key>
                <false/>
                <key>sourceColorRect</key>
                <string>{{0,0},{45,68}}</string>
                <key>sourceSize</key>
                <string>{45,68}</string>
            </dict>
            <key>jumpL_0.png</key>
            <dict>
                <key>frame</key>
                <string>{{323,347},{46,66}}</string>
                <key>offset</key>
                <string>{0,0}</string>
                <key>rotated</key>
                <false/>
                <key>sourceColorRect</key>
                <string>{{0,0},{46,66}}</string>
                <key>sourceSize</key>
                <string>{46,66}</string>
            </dict>
            <key>jumpR_0.png</key>
            <dict>
                <key>frame</key>
                <string>{{370,347},{46,66}}</string>
                <key>offset</key>
                <string>{0,0}</string>
                <key>rotated</key>
                <false/>
                <key>sourceColorRect</key>
                <string>{{0,0},{46,66}}</string>
                <key>sourceSize</key>
                <string>{46,66}</string>
            </dict>
            <key>porrada_0.png</key>
            <dict>
                <key>frame</key>
                <string>{{1,416},{96,97}}</string>
                <key>offset</key>
                <string>{0,0}</string>
                <key>rotated</key>
                <false/>
                <key>sourceColorRect</key>
                <string>{{0,0},{96,97}}</string>
                <key>sourceSize</key>
                <string>{96,97}</string>
            </dict>
            <key>porrada_1.png</key>
            <dict>
                <key>frame</key>
                <string>{{98,416},{96,97}}</string>
                <key>offset</key>
                <string>{0,0}</string>
                <key>rotated</key>
                <false/>
                <key>sourceColorRect</key>
                <string>{{0,0},{96,97}}</string>
                <key>sourceSize</key>
                <string>{96,97}</string>
            </dict>
            <key>porrada_2.png</key>
            <dict>
                <key>frame</key>
                <string>{{195,416},{96,97}}</string>
                <key>offset</key>
                <string>{0,0}</string>
                <key>rotated</key>
                <false/>
                <key>sourceColorRect</key>
                <string>{{0,0},{96,97}}</string>
                <key>sourceSize</key>
                <string>{96,97}</string>
            </dict>
            <key>porrada_3.png</key>
            <dict>
                <key>frame</key>
                <string>{{292,416},{96,97}}</string>
                <key>offset</key>
                <string>{0,0}</string>
                <key>rotated</key>
                <false/>
                <key>sourceColorRect</key>
                <string>{{0,0},{96,97}}</string>
                <key>sourceSize</key>
                <string>{96,97}</string>
            </dict>
            <key>stabL_0.png</key>
            <dict>
                <key>frame</key>
                <string>{{389,416},{76,66}}</string>
                <key>offset</key>
                <string>{0,0}</string>
                <key>rotated</key>
                <false/>
                <key>sourceColorRect</key>
                <string>{{0,0},{76,66}}</string>
                <key>sourceSize</key>
                <string>{76,66}</string>
            </dict>
            <key>stabL_1.png</key>
            <dict>
                <key>frame</key>
                <string>{{1,514},{76,66}}</string>
                <key>offset</key>
                <string>{0,0}</string>
                <key>rotated</key>
                <false/>
                <key>sourceColorRect</key>
                <string>{{0,0},{76,66}}</string>
                <key>sourceSize</key>
                <string>{76,66}</string>
            </dict>
            <key>stabL_2.png</key>
            <dict>
                <key>frame</key>
                <string>{{78,514},{76,66}}</string>
                <key>offset</key>
                <string>{0,0}</string>
                <key>rotated</key>
                <false/>
                <key>sourceColorRect</key>
                <string>{{0,0},{76,66}}</string>
                <key>sourceSize</key>
                <string>{76,66}</string>
            </dict>
            <key>stabR_0.png</key>
            <dict>
                <key>frame</key>
                <string>{{155,514},{76,66}}</string>
                <key>offset</key>
                <string>{0,0}</string>
                <key>rotated</key>
                <false/>
                <key>sourceColorRect</key>
                <string>{{0,0},{76,66}}</string>
                <key>sourceSize</key>
                <string>{76,66}</string>
            </dict>
            <key>stabR_1.png</key>
            <dict>
                <key>frame</key>
                <string>{{232,514},{76,66}}</string>
                <key>offset</key>
                <string>{0,0}</string>
                <key>rotated</key>
                <false/>
                <key>sourceColorRect</key>
                <string>{{0,0},{76,66}}</string>
                <key>sourceSize</key>
                <string>{76,66}</string>
            </dict>
            <key>stabR_2.png</key>
            <dict>
                <key>frame</key>
                <string>{{309,514},{76,66}}</string>
                <key>offset</key>
                <string>{0,0}</string>
                <key>rotated</key>
                <false/>
                <key>sourceColorRect</key>
                <string>{{0,0},{76,66}}</string>
                <key>sourceSize</key>
                <string>{76,66}</string>
            </dict>
            <key>walkL_0.png</key>
            <dict>
                <key>frame</key>
                <string>{{386,514},{46,69}}</string>
                <key>offset</key>
                <string>{0,0}</string>
                <key>rotated</key>
                <false/>
                <key>sourceColorRect</key>
                <string>{{0,0},{46,69}}</string>
                <key>sourceSize</key>
                <string>{46,69}</string>
            </dict>
            <key>walkL_1.png</key>
            <dict>
                <key>frame</key>
                <string>{{433,514},{46,69}}</string>
                <key>offset</key>
                <string>{0,0}</string>
                <key>rotated</key>
                <false/>
                <key>sourceColorRect</key>
                <string>{{0,0},{46,69}}</string>
                <key>sourceSize</key>
                <string>{46,69}</string>
            </dict>
            <key>walkL_2.png</key>
            <dict>
                <key>frame</key>
                <string>{{1,584},{46,69}}</string>
                <key>offset</key>
                <string>{0,0}</string>
                <key>rotated</key>
                <false/>
                <key>sourceColorRect</key>
                <string>{{0,0},{46,69}}</string>
                <key>sourceSize</key>
                <string>{46,69}</string>
            </dict>
            <key>walkL_3.png</key>
            <dict>
                <key>frame</key>
                <string>{{48,584},{46,69}}</string>
                <key>offset</key>
                <string>{0,0}</string>
                <key>rotated</key>
                <false/>
                <key>sourceColorRect</key>
                <string>{{0,0},{46,69}}</string>
                <key>sourceSize</key>
                <string>{46,69}</string>
            </dict>
            <key>walkR_0.png</key>
            <dict>
                <key>frame</key>
                <string>{{95,584},{46,69}}</string>
                <key>offset</key>
                <string>{0,0}</string>
                <key>rotated</key>
                <false/>
                <key>sourceColorRect</key>
                <string>{{0,0},{46,69}}</string>
                <key>sourceSize</key>
                <string>{46,69}</string>
            </dict>
            <key>walkR_1.png</key>
            <dict>
                <key>frame</key>
                <string>{{142,584},{46,69}}</string>
                <key>offset</key>
                <string>{0,0}</string>
                <key>rotated</key>
                <false/>
                <key>sourceColorRect</key>
                <string>{{0,0},{46,69}}</string>
                <key>sourceSize</key>
                <string>{46,69}</string>
            </dict>
            <key>walkR_2.png</key>
            <dict>
                <key>frame</key>
                <string>{{189,584},{46,69}}</string>
                <key>offset</key>
                <string>{0,0}</string>
                <key>rotated</key>
                <false/>
                <key>sourceColorRect</key>
                <string>{{0,0},{46,69}}</string>
                <key>sourceSize</key>
                <string>{46,69}</string>
            </dict>
            <key>walkR_3.png</key>
            <dict>
                <key>frame</key>
                <string>{{236,584},{46,69}}</string>
                <key>offset</key>
                <string>{0,0}</string>
                <key>rotated</key>
                <false/>
                <key>sourceColorRect</key>
                <string>{{0,0},{46,69}}</string>
                <key>sourceSize</key>
                <string>{46,69}</string>
            </dict>
        </dict>
        <key>metadata</key>
        <dict>
            <key>format</key>
            <integer>2</integer>
            <key>realTextureFileName</key>
            <string>Forte.png</string>
            <key>size</key>
            <string>{512,1024}</string>
            <key>smartupdate</key>
            <string>$TexturePacker:SmartUpdate:88aab4934a8f73608360441ec3f520a9$</string>
            <key>textureFileName</key>
            <string>Forte.png</string>
        </dict>
    </dict>
</plist>
