<?xml version="1.0" encoding="UTF-8"?>
<!DOCTYPE plist PUBLIC "-//Apple Computer//DTD PLIST 1.0//EN" "http://www.apple.com/DTDs/PropertyList-1.0.dtd">
<plist version="1.0">
    <dict>
        <key>frames</key>
        <dict>
            <key>BottomL_0.png</key>
            <dict>
                <key>frame</key>
                <string>{{1,1},{32,13}}</string>
                <key>offset</key>
                <string>{0,0}</string>
                <key>rotated</key>
                <false/>
                <key>sourceColorRect</key>
                <string>{{0,0},{32,13}}</string>
                <key>sourceSize</key>
                <string>{32,13}</string>
            </dict>
            <key>BottomR_0.png</key>
            <dict>
                <key>frame</key>
                <string>{{34,1},{32,13}}</string>
                <key>offset</key>
                <string>{0,0}</string>
                <key>rotated</key>
                <false/>
                <key>sourceColorRect</key>
                <string>{{0,0},{32,13}}</string>
                <key>sourceSize</key>
                <string>{32,13}</string>
            </dict>
            <key>Cannon.png</key>
            <dict>
                <key>frame</key>
                <string>{{67,1},{63,58}}</string>
                <key>offset</key>
                <string>{0,0}</string>
                <key>rotated</key>
                <false/>
                <key>sourceColorRect</key>
                <string>{{0,0},{63,58}}</string>
                <key>sourceSize</key>
                <string>{63,58}</string>
            </dict>
            <key>FireL_0.png</key>
            <dict>
                <key>frame</key>
                <string>{{131,1},{82,68}}</string>
                <key>offset</key>
                <string>{0,0}</string>
                <key>rotated</key>
                <false/>
                <key>sourceColorRect</key>
                <string>{{0,0},{82,68}}</string>
                <key>sourceSize</key>
                <string>{82,68}</string>
            </dict>
            <key>FireR_0.png</key>
            <dict>
                <key>frame</key>
                <string>{{214,1},{82,68}}</string>
                <key>offset</key>
                <string>{0,0}</string>
                <key>rotated</key>
                <false/>
                <key>sourceColorRect</key>
                <string>{{0,0},{82,68}}</string>
                <key>sourceSize</key>
                <string>{82,68}</string>
            </dict>
            <key>HeadL_0.png</key>
            <dict>
                <key>frame</key>
                <string>{{297,1},{45,47}}</string>
                <key>offset</key>
                <string>{0,0}</string>
                <key>rotated</key>
                <false/>
                <key>sourceColorRect</key>
                <string>{{0,0},{45,47}}</string>
                <key>sourceSize</key>
                <string>{45,47}</string>
            </dict>
            <key>HeadR_0.png</key>
            <dict>
                <key>frame</key>
                <string>{{343,1},{45,47}}</string>
                <key>offset</key>
                <string>{0,0}</string>
                <key>rotated</key>
                <false/>
                <key>sourceColorRect</key>
                <string>{{0,0},{45,47}}</string>
                <key>sourceSize</key>
                <string>{45,47}</string>
            </dict>
            <key>HeadlessL_0.png</key>
            <dict>
                <key>frame</key>
                <string>{{389,1},{65,58}}</string>
                <key>offset</key>
                <string>{0,0}</string>
                <key>rotated</key>
                <false/>
                <key>sourceColorRect</key>
                <string>{{0,0},{65,58}}</string>
                <key>sourceSize</key>
                <string>{65,58}</string>
            </dict>
            <key>HeadlessR_0.png</key>
            <dict>
                <key>frame</key>
                <string>{{1,70},{65,58}}</string>
                <key>offset</key>
                <string>{0,0}</string>
                <key>rotated</key>
                <false/>
                <key>sourceColorRect</key>
                <string>{{0,0},{65,58}}</string>
                <key>sourceSize</key>
                <string>{65,58}</string>
            </dict>
            <key>Teleport_0.png</key>
            <dict>
                <key>frame</key>
                <string>{{67,70},{62,172}}</string>
                <key>offset</key>
                <string>{0,0}</string>
                <key>rotated</key>
                <false/>
                <key>sourceColorRect</key>
                <string>{{0,0},{62,172}}</string>
                <key>sourceSize</key>
                <string>{62,172}</string>
            </dict>
            <key>Teleport_1.png</key>
            <dict>
                <key>frame</key>
                <string>{{130,70},{62,172}}</string>
                <key>offset</key>
                <string>{0,0}</string>
                <key>rotated</key>
                <false/>
                <key>sourceColorRect</key>
                <string>{{0,0},{62,172}}</string>
                <key>sourceSize</key>
                <string>{62,172}</string>
            </dict>
            <key>Teleport_2.png</key>
            <dict>
                <key>frame</key>
                <string>{{193,70},{62,172}}</string>
                <key>offset</key>
                <string>{0,0}</string>
                <key>rotated</key>
                <false/>
                <key>sourceColorRect</key>
                <string>{{0,0},{62,172}}</string>
                <key>sourceSize</key>
                <string>{62,172}</string>
            </dict>
            <key>Teleport_3.png</key>
            <dict>
                <key>frame</key>
                <string>{{256,70},{62,172}}</string>
                <key>offset</key>
                <string>{0,0}</string>
                <key>rotated</key>
                <false/>
                <key>sourceColorRect</key>
                <string>{{0,0},{62,172}}</string>
                <key>sourceSize</key>
                <string>{62,172}</string>
            </dict>
            <key>Teleport_4.png</key>
            <dict>
                <key>frame</key>
                <string>{{319,70},{62,172}}</string>
                <key>offset</key>
                <string>{0,0}</string>
                <key>rotated</key>
                <false/>
                <key>sourceColorRect</key>
                <string>{{0,0},{62,172}}</string>
                <key>sourceSize</key>
                <string>{62,172}</string>
            </dict>
            <key>Teleport_5.png</key>
            <dict>
                <key>frame</key>
                <string>{{382,70},{62,172}}</string>
                <key>offset</key>
                <string>{0,0}</string>
                <key>rotated</key>
                <false/>
                <key>sourceColorRect</key>
                <string>{{0,0},{62,172}}</string>
                <key>sourceSize</key>
                <string>{62,172}</string>
            </dict>
            <key>Teleport_6.png</key>
            <dict>
                <key>frame</key>
                <string>{{445,70},{62,172}}</string>
                <key>offset</key>
                <string>{0,0}</string>
                <key>rotated</key>
                <false/>
                <key>sourceColorRect</key>
                <string>{{0,0},{62,172}}</string>
                <key>sourceSize</key>
                <string>{62,172}</string>
            </dict>
            <key>TopL_0.png</key>
            <dict>
                <key>frame</key>
                <string>{{1,243},{45,67}}</string>
                <key>offset</key>
                <string>{0,0}</string>
                <key>rotated</key>
                <false/>
                <key>sourceColorRect</key>
                <string>{{0,0},{45,67}}</string>
                <key>sourceSize</key>
                <string>{45,67}</string>
            </dict>
            <key>TopR_0.png</key>
            <dict>
                <key>frame</key>
                <string>{{47,243},{45,67}}</string>
                <key>offset</key>
                <string>{0,0}</string>
                <key>rotated</key>
                <false/>
                <key>sourceColorRect</key>
                <string>{{0,0},{45,67}}</string>
                <key>sourceSize</key>
                <string>{45,67}</string>
            </dict>
            <key>jumpL_0.png</key>
            <dict>
                <key>frame</key>
                <string>{{93,243},{63,69}}</string>
                <key>offset</key>
                <string>{0,0}</string>
                <key>rotated</key>
                <false/>
                <key>sourceColorRect</key>
                <string>{{0,0},{63,69}}</string>
                <key>sourceSize</key>
                <string>{63,69}</string>
            </dict>
            <key>jumpR_0.png</key>
            <dict>
                <key>frame</key>
                <string>{{157,243},{63,69}}</string>
                <key>offset</key>
                <string>{0,0}</string>
                <key>rotated</key>
                <false/>
                <key>sourceColorRect</key>
                <string>{{0,0},{63,69}}</string>
                <key>sourceSize</key>
                <string>{63,69}</string>
            </dict>
            <key>standL_0.png</key>
            <dict>
                <key>frame</key>
                <string>{{221,243},{65,68}}</string>
                <key>offset</key>
                <string>{0,0}</string>
                <key>rotated</key>
                <false/>
                <key>sourceColorRect</key>
                <string>{{0,0},{65,68}}</string>
                <key>sourceSize</key>
                <string>{65,68}</string>
            </dict>
            <key>standL_1.png</key>
            <dict>
                <key>frame</key>
                <string>{{287,243},{65,68}}</string>
                <key>offset</key>
                <string>{0,0}</string>
                <key>rotated</key>
                <false/>
                <key>sourceColorRect</key>
                <string>{{0,0},{65,68}}</string>
                <key>sourceSize</key>
                <string>{65,68}</string>
            </dict>
            <key>standL_2.png</key>
            <dict>
                <key>frame</key>
                <string>{{353,243},{65,68}}</string>
                <key>offset</key>
                <string>{0,0}</string>
                <key>rotated</key>
                <false/>
                <key>sourceColorRect</key>
                <string>{{0,0},{65,68}}</string>
                <key>sourceSize</key>
                <string>{65,68}</string>
            </dict>
            <key>standL_3.png</key>
            <dict>
                <key>frame</key>
                <string>{{419,243},{65,68}}</string>
                <key>offset</key>
                <string>{0,0}</string>
                <key>rotated</key>
                <false/>
                <key>sourceColorRect</key>
                <string>{{0,0},{65,68}}</string>
                <key>sourceSize</key>
                <string>{65,68}</string>
            </dict>
            <key>standL_4.png</key>
            <dict>
                <key>frame</key>
                <string>{{1,313},{65,68}}</string>
                <key>offset</key>
                <string>{0,0}</string>
                <key>rotated</key>
                <false/>
                <key>sourceColorRect</key>
                <string>{{0,0},{65,68}}</string>
                <key>sourceSize</key>
                <string>{65,68}</string>
            </dict>
            <key>standR_0.png</key>
            <dict>
                <key>frame</key>
                <string>{{67,313},{65,68}}</string>
                <key>offset</key>
                <string>{0,0}</string>
                <key>rotated</key>
                <false/>
                <key>sourceColorRect</key>
                <string>{{0,0},{65,68}}</string>
                <key>sourceSize</key>
                <string>{65,68}</string>
            </dict>
            <key>standR_1.png</key>
            <dict>
                <key>frame</key>
                <string>{{133,313},{65,68}}</string>
                <key>offset</key>
                <string>{0,0}</string>
                <key>rotated</key>
                <false/>
                <key>sourceColorRect</key>
                <string>{{0,0},{65,68}}</string>
                <key>sourceSize</key>
                <string>{65,68}</string>
            </dict>
            <key>standR_2.png</key>
            <dict>
                <key>frame</key>
                <string>{{199,313},{65,68}}</string>
                <key>offset</key>
                <string>{0,0}</string>
                <key>rotated</key>
                <false/>
                <key>sourceColorRect</key>
                <string>{{0,0},{65,68}}</string>
                <key>sourceSize</key>
                <string>{65,68}</string>
            </dict>
            <key>standR_3.png</key>
            <dict>
                <key>frame</key>
                <string>{{265,313},{65,68}}</string>
                <key>offset</key>
                <string>{0,0}</string>
                <key>rotated</key>
                <false/>
                <key>sourceColorRect</key>
                <string>{{0,0},{65,68}}</string>
                <key>sourceSize</key>
                <string>{65,68}</string>
            </dict>
            <key>standR_4.png</key>
            <dict>
                <key>frame</key>
                <string>{{331,313},{65,68}}</string>
                <key>offset</key>
                <string>{0,0}</string>
                <key>rotated</key>
                <false/>
                <key>sourceColorRect</key>
                <string>{{0,0},{65,68}}</string>
                <key>sourceSize</key>
                <string>{65,68}</string>
            </dict>
            <key>walkL_0.png</key>
            <dict>
                <key>frame</key>
                <string>{{397,313},{63,68}}</string>
                <key>offset</key>
                <string>{0,0}</string>
                <key>rotated</key>
                <false/>
                <key>sourceColorRect</key>
                <string>{{0,0},{63,68}}</string>
                <key>sourceSize</key>
                <string>{63,68}</string>
            </dict>
            <key>walkL_1.png</key>
            <dict>
                <key>frame</key>
                <string>{{1,382},{63,68}}</string>
                <key>offset</key>
                <string>{0,0}</string>
                <key>rotated</key>
                <false/>
                <key>sourceColorRect</key>
                <string>{{0,0},{63,68}}</string>
                <key>sourceSize</key>
                <string>{63,68}</string>
            </dict>
            <key>walkL_2.png</key>
            <dict>
                <key>frame</key>
                <string>{{65,382},{63,68}}</string>
                <key>offset</key>
                <string>{0,0}</string>
                <key>rotated</key>
                <false/>
                <key>sourceColorRect</key>
                <string>{{0,0},{63,68}}</string>
                <key>sourceSize</key>
                <string>{63,68}</string>
            </dict>
            <key>walkL_3.png</key>
            <dict>
                <key>frame</key>
                <string>{{129,382},{63,68}}</string>
                <key>offset</key>
                <string>{0,0}</string>
                <key>rotated</key>
                <false/>
                <key>sourceColorRect</key>
                <string>{{0,0},{63,68}}</string>
                <key>sourceSize</key>
                <string>{63,68}</string>
            </dict>
            <key>walkR_0.png</key>
            <dict>
                <key>frame</key>
                <string>{{193,382},{63,68}}</string>
                <key>offset</key>
                <string>{0,0}</string>
                <key>rotated</key>
                <false/>
                <key>sourceColorRect</key>
                <string>{{0,0},{63,68}}</string>
                <key>sourceSize</key>
                <string>{63,68}</string>
            </dict>
            <key>walkR_1.png</key>
            <dict>
                <key>frame</key>
                <string>{{257,382},{63,68}}</string>
                <key>offset</key>
                <string>{0,0}</string>
                <key>rotated</key>
                <false/>
                <key>sourceColorRect</key>
                <string>{{0,0},{63,68}}</string>
                <key>sourceSize</key>
                <string>{63,68}</string>
            </dict>
            <key>walkR_2.png</key>
            <dict>
                <key>frame</key>
                <string>{{321,382},{63,68}}</string>
                <key>offset</key>
                <string>{0,0}</string>
                <key>rotated</key>
                <false/>
                <key>sourceColorRect</key>
                <string>{{0,0},{63,68}}</string>
                <key>sourceSize</key>
                <string>{63,68}</string>
            </dict>
            <key>walkR_3.png</key>
            <dict>
                <key>frame</key>
                <string>{{385,382},{63,68}}</string>
                <key>offset</key>
                <string>{0,0}</string>
                <key>rotated</key>
                <false/>
                <key>sourceColorRect</key>
                <string>{{0,0},{63,68}}</string>
                <key>sourceSize</key>
                <string>{63,68}</string>
            </dict>
        </dict>
        <key>metadata</key>
        <dict>
            <key>format</key>
            <integer>2</integer>
            <key>realTextureFileName</key>
            <string>Principal.png</string>
            <key>size</key>
            <string>{512,512}</string>
            <key>smartupdate</key>
            <string>$TexturePacker:SmartUpdate:cd2fb2227030c473a4dc05e191a56e42$</string>
            <key>textureFileName</key>
            <string>Principal.png</string>
        </dict>
    </dict>
</plist>
