<?xml version="1.0" encoding="UTF-8"?>
<!DOCTYPE plist PUBLIC "-//Apple Computer//DTD PLIST 1.0//EN" "http://www.apple.com/DTDs/PropertyList-1.0.dtd">
<plist version="1.0">
    <dict>
        <key>frames</key>
        <dict>
            <key>BottomL_0.png</key>
            <dict>
                <key>frame</key>
                <string>{{2,2},{45,13}}</string>
                <key>offset</key>
                <string>{0,0}</string>
                <key>rotated</key>
                <false/>
                <key>sourceColorRect</key>
                <string>{{0,0},{45,13}}</string>
                <key>sourceSize</key>
                <string>{45,13}</string>
            </dict>
            <key>BottomR_0.png</key>
            <dict>
                <key>frame</key>
                <string>{{49,2},{45,13}}</string>
                <key>offset</key>
                <string>{0,0}</string>
                <key>rotated</key>
                <false/>
                <key>sourceColorRect</key>
                <string>{{0,0},{45,13}}</string>
                <key>sourceSize</key>
                <string>{45,13}</string>
            </dict>
            <key>DecapL_0.png</key>
            <dict>
                <key>frame</key>
                <string>{{96,2},{45,30}}</string>
                <key>offset</key>
                <string>{0,0}</string>
                <key>rotated</key>
                <false/>
                <key>sourceColorRect</key>
                <string>{{0,0},{45,30}}</string>
                <key>sourceSize</key>
                <string>{45,30}</string>
            </dict>
            <key>DecapR_0.png</key>
            <dict>
                <key>frame</key>
                <string>{{143,2},{45,30}}</string>
                <key>offset</key>
                <string>{0,0}</string>
                <key>rotated</key>
                <false/>
                <key>sourceColorRect</key>
                <string>{{0,0},{45,30}}</string>
                <key>sourceSize</key>
                <string>{45,30}</string>
            </dict>
            <key>HeadL_0.png</key>
            <dict>
                <key>frame</key>
                <string>{{190,2},{45,47}}</string>
                <key>offset</key>
                <string>{0,0}</string>
                <key>rotated</key>
                <false/>
                <key>sourceColorRect</key>
                <string>{{0,0},{45,47}}</string>
                <key>sourceSize</key>
                <string>{45,47}</string>
            </dict>
            <key>HeadR_0.png</key>
            <dict>
                <key>frame</key>
                <string>{{237,2},{45,47}}</string>
                <key>offset</key>
                <string>{0,0}</string>
                <key>rotated</key>
                <false/>
                <key>sourceColorRect</key>
                <string>{{0,0},{45,47}}</string>
                <key>sourceSize</key>
                <string>{45,47}</string>
            </dict>
            <key>StandL_0.png</key>
            <dict>
                <key>frame</key>
                <string>{{284,2},{45,68}}</string>
                <key>offset</key>
                <string>{0,0}</string>
                <key>rotated</key>
                <false/>
                <key>sourceColorRect</key>
                <string>{{0,0},{45,68}}</string>
                <key>sourceSize</key>
                <string>{45,68}</string>
            </dict>
            <key>StandL_1.png</key>
            <dict>
                <key>frame</key>
                <string>{{331,2},{45,68}}</string>
                <key>offset</key>
                <string>{0,0}</string>
                <key>rotated</key>
                <false/>
                <key>sourceColorRect</key>
                <string>{{0,0},{45,68}}</string>
                <key>sourceSize</key>
                <string>{45,68}</string>
            </dict>
            <key>StandL_2.png</key>
            <dict>
                <key>frame</key>
                <string>{{378,2},{45,68}}</string>
                <key>offset</key>
                <string>{0,0}</string>
                <key>rotated</key>
                <false/>
                <key>sourceColorRect</key>
                <string>{{0,0},{45,68}}</string>
                <key>sourceSize</key>
                <string>{45,68}</string>
            </dict>
            <key>StandL_3.png</key>
            <dict>
                <key>frame</key>
                <string>{{425,2},{45,68}}</string>
                <key>offset</key>
                <string>{0,0}</string>
                <key>rotated</key>
                <false/>
                <key>sourceColorRect</key>
                <string>{{0,0},{45,68}}</string>
                <key>sourceSize</key>
                <string>{45,68}</string>
            </dict>
            <key>StandL_4.png</key>
            <dict>
                <key>frame</key>
                <string>{{2,72},{45,68}}</string>
                <key>offset</key>
                <string>{0,0}</string>
                <key>rotated</key>
                <false/>
                <key>sourceColorRect</key>
                <string>{{0,0},{45,68}}</string>
                <key>sourceSize</key>
                <string>{45,68}</string>
            </dict>
            <key>StandR_0.png</key>
            <dict>
                <key>frame</key>
                <string>{{49,72},{45,68}}</string>
                <key>offset</key>
                <string>{0,0}</string>
                <key>rotated</key>
                <false/>
                <key>sourceColorRect</key>
                <string>{{0,0},{45,68}}</string>
                <key>sourceSize</key>
                <string>{45,68}</string>
            </dict>
            <key>StandR_1.png</key>
            <dict>
                <key>frame</key>
                <string>{{96,72},{45,68}}</string>
                <key>offset</key>
                <string>{0,0}</string>
                <key>rotated</key>
                <false/>
                <key>sourceColorRect</key>
                <string>{{0,0},{45,68}}</string>
                <key>sourceSize</key>
                <string>{45,68}</string>
            </dict>
            <key>StandR_2.png</key>
            <dict>
                <key>frame</key>
                <string>{{143,72},{45,68}}</string>
                <key>offset</key>
                <string>{0,0}</string>
                <key>rotated</key>
                <false/>
                <key>sourceColorRect</key>
                <string>{{0,0},{45,68}}</string>
                <key>sourceSize</key>
                <string>{45,68}</string>
            </dict>
            <key>StandR_3.png</key>
            <dict>
                <key>frame</key>
                <string>{{190,72},{45,68}}</string>
                <key>offset</key>
                <string>{0,0}</string>
                <key>rotated</key>
                <false/>
                <key>sourceColorRect</key>
                <string>{{0,0},{45,68}}</string>
                <key>sourceSize</key>
                <string>{45,68}</string>
            </dict>
            <key>StandR_4.png</key>
            <dict>
                <key>frame</key>
                <string>{{237,72},{45,68}}</string>
                <key>offset</key>
                <string>{0,0}</string>
                <key>rotated</key>
                <false/>
                <key>sourceColorRect</key>
                <string>{{0,0},{45,68}}</string>
                <key>sourceSize</key>
                <string>{45,68}</string>
            </dict>
            <key>SufferL_0.png</key>
            <dict>
                <key>frame</key>
                <string>{{284,72},{51,68}}</string>
                <key>offset</key>
                <string>{0,0}</string>
                <key>rotated</key>
                <false/>
                <key>sourceColorRect</key>
                <string>{{0,0},{51,68}}</string>
                <key>sourceSize</key>
                <string>{51,68}</string>
            </dict>
            <key>SufferL_1.png</key>
            <dict>
                <key>frame</key>
                <string>{{337,72},{51,68}}</string>
                <key>offset</key>
                <string>{0,0}</string>
                <key>rotated</key>
                <false/>
                <key>sourceColorRect</key>
                <string>{{0,0},{51,68}}</string>
                <key>sourceSize</key>
                <string>{51,68}</string>
            </dict>
            <key>SufferL_2.png</key>
            <dict>
                <key>frame</key>
                <string>{{390,72},{51,68}}</string>
                <key>offset</key>
                <string>{0,0}</string>
                <key>rotated</key>
                <false/>
                <key>sourceColorRect</key>
                <string>{{0,0},{51,68}}</string>
                <key>sourceSize</key>
                <string>{51,68}</string>
            </dict>
            <key>SufferL_3.png</key>
            <dict>
                <key>frame</key>
                <string>{{443,72},{51,68}}</string>
                <key>offset</key>
                <string>{0,0}</string>
                <key>rotated</key>
                <false/>
                <key>sourceColorRect</key>
                <string>{{0,0},{51,68}}</string>
                <key>sourceSize</key>
                <string>{51,68}</string>
            </dict>
            <key>SufferL_4.png</key>
            <dict>
                <key>frame</key>
                <string>{{2,142},{51,68}}</string>
                <key>offset</key>
                <string>{0,0}</string>
                <key>rotated</key>
                <false/>
                <key>sourceColorRect</key>
                <string>{{0,0},{51,68}}</string>
                <key>sourceSize</key>
                <string>{51,68}</string>
            </dict>
            <key>SufferL_5.png</key>
            <dict>
                <key>frame</key>
                <string>{{55,142},{51,68}}</string>
                <key>offset</key>
                <string>{0,0}</string>
                <key>rotated</key>
                <false/>
                <key>sourceColorRect</key>
                <string>{{0,0},{51,68}}</string>
                <key>sourceSize</key>
                <string>{51,68}</string>
            </dict>
            <key>SufferR_0.png</key>
            <dict>
                <key>frame</key>
                <string>{{108,142},{51,68}}</string>
                <key>offset</key>
                <string>{0,0}</string>
                <key>rotated</key>
                <false/>
                <key>sourceColorRect</key>
                <string>{{0,0},{51,68}}</string>
                <key>sourceSize</key>
                <string>{51,68}</string>
            </dict>
            <key>SufferR_1.png</key>
            <dict>
                <key>frame</key>
                <string>{{161,142},{51,68}}</string>
                <key>offset</key>
                <string>{0,0}</string>
                <key>rotated</key>
                <false/>
                <key>sourceColorRect</key>
                <string>{{0,0},{51,68}}</string>
                <key>sourceSize</key>
                <string>{51,68}</string>
            </dict>
            <key>SufferR_2.png</key>
            <dict>
                <key>frame</key>
                <string>{{214,142},{51,68}}</string>
                <key>offset</key>
                <string>{0,0}</string>
                <key>rotated</key>
                <false/>
                <key>sourceColorRect</key>
                <string>{{0,0},{51,68}}</string>
                <key>sourceSize</key>
                <string>{51,68}</string>
            </dict>
            <key>SufferR_3.png</key>
            <dict>
                <key>frame</key>
                <string>{{267,142},{51,68}}</string>
                <key>offset</key>
                <string>{0,0}</string>
                <key>rotated</key>
                <false/>
                <key>sourceColorRect</key>
                <string>{{0,0},{51,68}}</string>
                <key>sourceSize</key>
                <string>{51,68}</string>
            </dict>
            <key>SufferR_4.png</key>
            <dict>
                <key>frame</key>
                <string>{{320,142},{51,68}}</string>
                <key>offset</key>
                <string>{0,0}</string>
                <key>rotated</key>
                <false/>
                <key>sourceColorRect</key>
                <string>{{0,0},{51,68}}</string>
                <key>sourceSize</key>
                <string>{51,68}</string>
            </dict>
            <key>SufferR_5.png</key>
            <dict>
                <key>frame</key>
                <string>{{373,142},{51,68}}</string>
                <key>offset</key>
                <string>{0,0}</string>
                <key>rotated</key>
                <false/>
                <key>sourceColorRect</key>
                <string>{{0,0},{51,68}}</string>
                <key>sourceSize</key>
                <string>{51,68}</string>
            </dict>
            <key>Teleport_0.png</key>
            <dict>
                <key>frame</key>
                <string>{{426,142},{62,172}}</string>
                <key>offset</key>
                <string>{0,0}</string>
                <key>rotated</key>
                <false/>
                <key>sourceColorRect</key>
                <string>{{0,0},{62,172}}</string>
                <key>sourceSize</key>
                <string>{62,172}</string>
            </dict>
            <key>Teleport_1.png</key>
            <dict>
                <key>frame</key>
                <string>{{2,316},{62,172}}</string>
                <key>offset</key>
                <string>{0,0}</string>
                <key>rotated</key>
                <false/>
                <key>sourceColorRect</key>
                <string>{{0,0},{62,172}}</string>
                <key>sourceSize</key>
                <string>{62,172}</string>
            </dict>
            <key>Teleport_2.png</key>
            <dict>
                <key>frame</key>
                <string>{{66,316},{62,172}}</string>
                <key>offset</key>
                <string>{0,0}</string>
                <key>rotated</key>
                <false/>
                <key>sourceColorRect</key>
                <string>{{0,0},{62,172}}</string>
                <key>sourceSize</key>
                <string>{62,172}</string>
            </dict>
            <key>Teleport_3.png</key>
            <dict>
                <key>frame</key>
                <string>{{130,316},{62,172}}</string>
                <key>offset</key>
                <string>{0,0}</string>
                <key>rotated</key>
                <false/>
                <key>sourceColorRect</key>
                <string>{{0,0},{62,172}}</string>
                <key>sourceSize</key>
                <string>{62,172}</string>
            </dict>
            <key>Teleport_4.png</key>
            <dict>
                <key>frame</key>
                <string>{{194,316},{62,172}}</string>
                <key>offset</key>
                <string>{0,0}</string>
                <key>rotated</key>
                <false/>
                <key>sourceColorRect</key>
                <string>{{0,0},{62,172}}</string>
                <key>sourceSize</key>
                <string>{62,172}</string>
            </dict>
            <key>Teleport_5.png</key>
            <dict>
                <key>frame</key>
                <string>{{258,316},{62,172}}</string>
                <key>offset</key>
                <string>{0,0}</string>
                <key>rotated</key>
                <false/>
                <key>sourceColorRect</key>
                <string>{{0,0},{62,172}}</string>
                <key>sourceSize</key>
                <string>{62,172}</string>
            </dict>
            <key>Teleport_6.png</key>
            <dict>
                <key>frame</key>
                <string>{{322,316},{62,172}}</string>
                <key>offset</key>
                <string>{0,0}</string>
                <key>rotated</key>
                <false/>
                <key>sourceColorRect</key>
                <string>{{0,0},{62,172}}</string>
                <key>sourceSize</key>
                <string>{62,172}</string>
            </dict>
            <key>TopHeadLessL_0.png</key>
            <dict>
                <key>frame</key>
                <string>{{386,316},{26,20}}</string>
                <key>offset</key>
                <string>{0,0}</string>
                <key>rotated</key>
                <false/>
                <key>sourceColorRect</key>
                <string>{{0,0},{26,20}}</string>
                <key>sourceSize</key>
                <string>{26,20}</string>
            </dict>
            <key>TopHeadLessR_0.png</key>
            <dict>
                <key>frame</key>
                <string>{{414,316},{26,20}}</string>
                <key>offset</key>
                <string>{0,0}</string>
                <key>rotated</key>
                <false/>
                <key>sourceColorRect</key>
                <string>{{0,0},{26,20}}</string>
                <key>sourceSize</key>
                <string>{26,20}</string>
            </dict>
            <key>WalkL_0.png</key>
            <dict>
                <key>frame</key>
                <string>{{442,316},{45,68}}</string>
                <key>offset</key>
                <string>{0,0}</string>
                <key>rotated</key>
                <false/>
                <key>sourceColorRect</key>
                <string>{{0,0},{45,68}}</string>
                <key>sourceSize</key>
                <string>{45,68}</string>
            </dict>
            <key>WalkL_1.png</key>
            <dict>
                <key>frame</key>
                <string>{{2,490},{45,68}}</string>
                <key>offset</key>
                <string>{0,0}</string>
                <key>rotated</key>
                <false/>
                <key>sourceColorRect</key>
                <string>{{0,0},{45,68}}</string>
                <key>sourceSize</key>
                <string>{45,68}</string>
            </dict>
            <key>WalkL_2.png</key>
            <dict>
                <key>frame</key>
                <string>{{49,490},{45,68}}</string>
                <key>offset</key>
                <string>{0,0}</string>
                <key>rotated</key>
                <false/>
                <key>sourceColorRect</key>
                <string>{{0,0},{45,68}}</string>
                <key>sourceSize</key>
                <string>{45,68}</string>
            </dict>
            <key>WalkL_3.png</key>
            <dict>
                <key>frame</key>
                <string>{{96,490},{45,68}}</string>
                <key>offset</key>
                <string>{0,0}</string>
                <key>rotated</key>
                <false/>
                <key>sourceColorRect</key>
                <string>{{0,0},{45,68}}</string>
                <key>sourceSize</key>
                <string>{45,68}</string>
            </dict>
            <key>WalkR_0.png</key>
            <dict>
                <key>frame</key>
                <string>{{143,490},{45,68}}</string>
                <key>offset</key>
                <string>{0,0}</string>
                <key>rotated</key>
                <false/>
                <key>sourceColorRect</key>
                <string>{{0,0},{45,68}}</string>
                <key>sourceSize</key>
                <string>{45,68}</string>
            </dict>
            <key>WalkR_1.png</key>
            <dict>
                <key>frame</key>
                <string>{{190,490},{45,68}}</string>
                <key>offset</key>
                <string>{0,0}</string>
                <key>rotated</key>
                <false/>
                <key>sourceColorRect</key>
                <string>{{0,0},{45,68}}</string>
                <key>sourceSize</key>
                <string>{45,68}</string>
            </dict>
            <key>WalkR_2.png</key>
            <dict>
                <key>frame</key>
                <string>{{237,490},{45,68}}</string>
                <key>offset</key>
                <string>{0,0}</string>
                <key>rotated</key>
                <false/>
                <key>sourceColorRect</key>
                <string>{{0,0},{45,68}}</string>
                <key>sourceSize</key>
                <string>{45,68}</string>
            </dict>
            <key>WalkR_3.png</key>
            <dict>
                <key>frame</key>
                <string>{{284,490},{45,68}}</string>
                <key>offset</key>
                <string>{0,0}</string>
                <key>rotated</key>
                <false/>
                <key>sourceColorRect</key>
                <string>{{0,0},{45,68}}</string>
                <key>sourceSize</key>
                <string>{45,68}</string>
            </dict>
            <key>jumpL_0.png</key>
            <dict>
                <key>frame</key>
                <string>{{331,490},{45,66}}</string>
                <key>offset</key>
                <string>{0,0}</string>
                <key>rotated</key>
                <false/>
                <key>sourceColorRect</key>
                <string>{{0,0},{45,66}}</string>
                <key>sourceSize</key>
                <string>{45,66}</string>
            </dict>
            <key>jumpR_0.png</key>
            <dict>
                <key>frame</key>
                <string>{{378,490},{45,66}}</string>
                <key>offset</key>
                <string>{0,0}</string>
                <key>rotated</key>
                <false/>
                <key>sourceColorRect</key>
                <string>{{0,0},{45,66}}</string>
                <key>sourceSize</key>
                <string>{45,66}</string>
            </dict>
            <key>proneL_0.png</key>
            <dict>
                <key>frame</key>
                <string>{{425,490},{72,40}}</string>
                <key>offset</key>
                <string>{0,0}</string>
                <key>rotated</key>
                <false/>
                <key>sourceColorRect</key>
                <string>{{0,0},{72,40}}</string>
                <key>sourceSize</key>
                <string>{72,40}</string>
            </dict>
            <key>proneL_1.png</key>
            <dict>
                <key>frame</key>
                <string>{{2,560},{72,40}}</string>
                <key>offset</key>
                <string>{0,0}</string>
                <key>rotated</key>
                <false/>
                <key>sourceColorRect</key>
                <string>{{0,0},{72,40}}</string>
                <key>sourceSize</key>
                <string>{72,40}</string>
            </dict>
            <key>proneR_0.png</key>
            <dict>
                <key>frame</key>
                <string>{{76,560},{72,40}}</string>
                <key>offset</key>
                <string>{0,0}</string>
                <key>rotated</key>
                <false/>
                <key>sourceColorRect</key>
                <string>{{0,0},{72,40}}</string>
                <key>sourceSize</key>
                <string>{72,40}</string>
            </dict>
            <key>proneR_1.png</key>
            <dict>
                <key>frame</key>
                <string>{{150,560},{72,40}}</string>
                <key>offset</key>
                <string>{0,0}</string>
                <key>rotated</key>
                <false/>
                <key>sourceColorRect</key>
                <string>{{0,0},{72,40}}</string>
                <key>sourceSize</key>
                <string>{72,40}</string>
            </dict>
            <key>topL_0.png</key>
            <dict>
                <key>frame</key>
                <string>{{224,560},{45,58}}</string>
                <key>offset</key>
                <string>{0,0}</string>
                <key>rotated</key>
                <false/>
                <key>sourceColorRect</key>
                <string>{{0,0},{45,58}}</string>
                <key>sourceSize</key>
                <string>{45,58}</string>
            </dict>
            <key>topR_0.png</key>
            <dict>
                <key>frame</key>
                <string>{{271,560},{45,58}}</string>
                <key>offset</key>
                <string>{0,0}</string>
                <key>rotated</key>
                <false/>
                <key>sourceColorRect</key>
                <string>{{0,0},{45,58}}</string>
                <key>sourceSize</key>
                <string>{45,58}</string>
            </dict>
        </dict>
        <key>metadata</key>
        <dict>
            <key>format</key>
            <integer>2</integer>
            <key>realTextureFileName</key>
            <string>Emo.png</string>
            <key>size</key>
            <string>{512,1024}</string>
            <key>smartupdate</key>
            <string>$TexturePacker:SmartUpdate:81a75199052e75fbcf462217b7d3908e$</string>
            <key>textureFileName</key>
            <string>Emo.png</string>
        </dict>
    </dict>
</plist>
