<?xml version="1.0" encoding="UTF-8"?>
<!DOCTYPE plist PUBLIC "-//Apple Computer//DTD PLIST 1.0//EN" "http://www.apple.com/DTDs/PropertyList-1.0.dtd">
<plist version="1.0">
    <dict>
        <key>frames</key>
        <dict>
            <key>BottomL_0.png</key>
            <dict>
                <key>frame</key>
                <string>{{1,1},{47,8}}</string>
                <key>offset</key>
                <string>{0,0}</string>
                <key>rotated</key>
                <false/>
                <key>sourceColorRect</key>
                <string>{{0,0},{47,8}}</string>
                <key>sourceSize</key>
                <string>{47,8}</string>
            </dict>
            <key>BottomR_0.png</key>
            <dict>
                <key>frame</key>
                <string>{{49,1},{47,8}}</string>
                <key>offset</key>
                <string>{0,0}</string>
                <key>rotated</key>
                <false/>
                <key>sourceColorRect</key>
                <string>{{0,0},{47,8}}</string>
                <key>sourceSize</key>
                <string>{47,8}</string>
            </dict>
            <key>DecapL_0.png</key>
            <dict>
                <key>frame</key>
                <string>{{97,1},{47,29}}</string>
                <key>offset</key>
                <string>{0,0}</string>
                <key>rotated</key>
                <false/>
                <key>sourceColorRect</key>
                <string>{{0,0},{47,29}}</string>
                <key>sourceSize</key>
                <string>{47,29}</string>
            </dict>
            <key>DecapR_0.png</key>
            <dict>
                <key>frame</key>
                <string>{{145,1},{47,29}}</string>
                <key>offset</key>
                <string>{0,0}</string>
                <key>rotated</key>
                <false/>
                <key>sourceColorRect</key>
                <string>{{0,0},{47,29}}</string>
                <key>sourceSize</key>
                <string>{47,29}</string>
            </dict>
            <key>JumpL-1.png</key>
            <dict>
                <key>frame</key>
                <string>{{193,1},{47,66}}</string>
                <key>offset</key>
                <string>{0,0}</string>
                <key>rotated</key>
                <false/>
                <key>sourceColorRect</key>
                <string>{{0,0},{47,66}}</string>
                <key>sourceSize</key>
                <string>{47,66}</string>
            </dict>
            <key>JumpR-1.png</key>
            <dict>
                <key>frame</key>
                <string>{{1,68},{47,66}}</string>
                <key>offset</key>
                <string>{0,0}</string>
                <key>rotated</key>
                <false/>
                <key>sourceColorRect</key>
                <string>{{0,0},{47,66}}</string>
                <key>sourceSize</key>
                <string>{47,66}</string>
            </dict>
            <key>Teleport_0.png</key>
            <dict>
                <key>frame</key>
                <string>{{49,68},{62,172}}</string>
                <key>offset</key>
                <string>{0,0}</string>
                <key>rotated</key>
                <false/>
                <key>sourceColorRect</key>
                <string>{{0,0},{62,172}}</string>
                <key>sourceSize</key>
                <string>{62,172}</string>
            </dict>
            <key>Teleport_1.png</key>
            <dict>
                <key>frame</key>
                <string>{{112,68},{62,172}}</string>
                <key>offset</key>
                <string>{0,0}</string>
                <key>rotated</key>
                <false/>
                <key>sourceColorRect</key>
                <string>{{0,0},{62,172}}</string>
                <key>sourceSize</key>
                <string>{62,172}</string>
            </dict>
            <key>Teleport_2.png</key>
            <dict>
                <key>frame</key>
                <string>{{175,68},{62,172}}</string>
                <key>offset</key>
                <string>{0,0}</string>
                <key>rotated</key>
                <false/>
                <key>sourceColorRect</key>
                <string>{{0,0},{62,172}}</string>
                <key>sourceSize</key>
                <string>{62,172}</string>
            </dict>
            <key>Teleport_3.png</key>
            <dict>
                <key>frame</key>
                <string>{{1,241},{62,172}}</string>
                <key>offset</key>
                <string>{0,0}</string>
                <key>rotated</key>
                <false/>
                <key>sourceColorRect</key>
                <string>{{0,0},{62,172}}</string>
                <key>sourceSize</key>
                <string>{62,172}</string>
            </dict>
            <key>Teleport_4.png</key>
            <dict>
                <key>frame</key>
                <string>{{64,241},{62,172}}</string>
                <key>offset</key>
                <string>{0,0}</string>
                <key>rotated</key>
                <false/>
                <key>sourceColorRect</key>
                <string>{{0,0},{62,172}}</string>
                <key>sourceSize</key>
                <string>{62,172}</string>
            </dict>
            <key>Teleport_5.png</key>
            <dict>
                <key>frame</key>
                <string>{{127,241},{62,172}}</string>
                <key>offset</key>
                <string>{0,0}</string>
                <key>rotated</key>
                <false/>
                <key>sourceColorRect</key>
                <string>{{0,0},{62,172}}</string>
                <key>sourceSize</key>
                <string>{62,172}</string>
            </dict>
            <key>Teleport_6.png</key>
            <dict>
                <key>frame</key>
                <string>{{190,241},{62,172}}</string>
                <key>offset</key>
                <string>{0,0}</string>
                <key>rotated</key>
                <false/>
                <key>sourceColorRect</key>
                <string>{{0,0},{62,172}}</string>
                <key>sourceSize</key>
                <string>{62,172}</string>
            </dict>
            <key>TopL_0.png</key>
            <dict>
                <key>frame</key>
                <string>{{1,414},{47,59}}</string>
                <key>offset</key>
                <string>{0,0}</string>
                <key>rotated</key>
                <false/>
                <key>sourceColorRect</key>
                <string>{{0,0},{47,59}}</string>
                <key>sourceSize</key>
                <string>{47,59}</string>
            </dict>
            <key>TopR_0.png</key>
            <dict>
                <key>frame</key>
                <string>{{49,414},{47,59}}</string>
                <key>offset</key>
                <string>{0,0}</string>
                <key>rotated</key>
                <false/>
                <key>sourceColorRect</key>
                <string>{{0,0},{47,59}}</string>
                <key>sourceSize</key>
                <string>{47,59}</string>
            </dict>
            <key>TopheadlessL_0.png</key>
            <dict>
                <key>frame</key>
                <string>{{97,414},{39,20}}</string>
                <key>offset</key>
                <string>{0,0}</string>
                <key>rotated</key>
                <false/>
                <key>sourceColorRect</key>
                <string>{{0,0},{39,20}}</string>
                <key>sourceSize</key>
                <string>{39,20}</string>
            </dict>
            <key>TopheadlessR_0.png</key>
            <dict>
                <key>frame</key>
                <string>{{137,414},{39,20}}</string>
                <key>offset</key>
                <string>{0,0}</string>
                <key>rotated</key>
                <false/>
                <key>sourceColorRect</key>
                <string>{{0,0},{39,20}}</string>
                <key>sourceSize</key>
                <string>{39,20}</string>
            </dict>
            <key>alertL_0.png</key>
            <dict>
                <key>frame</key>
                <string>{{177,414},{45,47}}</string>
                <key>offset</key>
                <string>{0,0}</string>
                <key>rotated</key>
                <false/>
                <key>sourceColorRect</key>
                <string>{{0,0},{45,47}}</string>
                <key>sourceSize</key>
                <string>{45,47}</string>
            </dict>
            <key>alertR_0.png</key>
            <dict>
                <key>frame</key>
                <string>{{1,474},{45,47}}</string>
                <key>offset</key>
                <string>{0,0}</string>
                <key>rotated</key>
                <false/>
                <key>sourceColorRect</key>
                <string>{{0,0},{45,47}}</string>
                <key>sourceSize</key>
                <string>{45,47}</string>
            </dict>
            <key>proneL-1.png</key>
            <dict>
                <key>frame</key>
                <string>{{47,474},{61,47}}</string>
                <key>offset</key>
                <string>{0,0}</string>
                <key>rotated</key>
                <false/>
                <key>sourceColorRect</key>
                <string>{{0,0},{61,47}}</string>
                <key>sourceSize</key>
                <string>{61,47}</string>
            </dict>
            <key>proneL-2.png</key>
            <dict>
                <key>frame</key>
                <string>{{109,474},{61,47}}</string>
                <key>offset</key>
                <string>{0,0}</string>
                <key>rotated</key>
                <false/>
                <key>sourceColorRect</key>
                <string>{{0,0},{61,47}}</string>
                <key>sourceSize</key>
                <string>{61,47}</string>
            </dict>
            <key>proneL-3.png</key>
            <dict>
                <key>frame</key>
                <string>{{171,474},{61,47}}</string>
                <key>offset</key>
                <string>{0,0}</string>
                <key>rotated</key>
                <false/>
                <key>sourceColorRect</key>
                <string>{{0,0},{61,47}}</string>
                <key>sourceSize</key>
                <string>{61,47}</string>
            </dict>
            <key>proneL-4.png</key>
            <dict>
                <key>frame</key>
                <string>{{1,522},{61,47}}</string>
                <key>offset</key>
                <string>{0,0}</string>
                <key>rotated</key>
                <false/>
                <key>sourceColorRect</key>
                <string>{{0,0},{61,47}}</string>
                <key>sourceSize</key>
                <string>{61,47}</string>
            </dict>
            <key>proneR-1.png</key>
            <dict>
                <key>frame</key>
                <string>{{63,522},{61,47}}</string>
                <key>offset</key>
                <string>{0,0}</string>
                <key>rotated</key>
                <false/>
                <key>sourceColorRect</key>
                <string>{{0,0},{61,47}}</string>
                <key>sourceSize</key>
                <string>{61,47}</string>
            </dict>
            <key>proneR-2.png</key>
            <dict>
                <key>frame</key>
                <string>{{125,522},{61,47}}</string>
                <key>offset</key>
                <string>{0,0}</string>
                <key>rotated</key>
                <false/>
                <key>sourceColorRect</key>
                <string>{{0,0},{61,47}}</string>
                <key>sourceSize</key>
                <string>{61,47}</string>
            </dict>
            <key>proneR-3.png</key>
            <dict>
                <key>frame</key>
                <string>{{187,522},{61,47}}</string>
                <key>offset</key>
                <string>{0,0}</string>
                <key>rotated</key>
                <false/>
                <key>sourceColorRect</key>
                <string>{{0,0},{61,47}}</string>
                <key>sourceSize</key>
                <string>{61,47}</string>
            </dict>
            <key>proneR-4.png</key>
            <dict>
                <key>frame</key>
                <string>{{1,570},{61,47}}</string>
                <key>offset</key>
                <string>{0,0}</string>
                <key>rotated</key>
                <false/>
                <key>sourceColorRect</key>
                <string>{{0,0},{61,47}}</string>
                <key>sourceSize</key>
                <string>{61,47}</string>
            </dict>
            <key>standingL-1.png</key>
            <dict>
                <key>frame</key>
                <string>{{63,570},{47,68}}</string>
                <key>offset</key>
                <string>{0,0}</string>
                <key>rotated</key>
                <false/>
                <key>sourceColorRect</key>
                <string>{{0,0},{47,68}}</string>
                <key>sourceSize</key>
                <string>{47,68}</string>
            </dict>
            <key>standingL-2.png</key>
            <dict>
                <key>frame</key>
                <string>{{111,570},{47,68}}</string>
                <key>offset</key>
                <string>{0,0}</string>
                <key>rotated</key>
                <false/>
                <key>sourceColorRect</key>
                <string>{{0,0},{47,68}}</string>
                <key>sourceSize</key>
                <string>{47,68}</string>
            </dict>
            <key>standingL-3.png</key>
            <dict>
                <key>frame</key>
                <string>{{159,570},{47,68}}</string>
                <key>offset</key>
                <string>{0,0}</string>
                <key>rotated</key>
                <false/>
                <key>sourceColorRect</key>
                <string>{{0,0},{47,68}}</string>
                <key>sourceSize</key>
                <string>{47,68}</string>
            </dict>
            <key>standingL-4.png</key>
            <dict>
                <key>frame</key>
                <string>{{207,570},{47,68}}</string>
                <key>offset</key>
                <string>{0,0}</string>
                <key>rotated</key>
                <false/>
                <key>sourceColorRect</key>
                <string>{{0,0},{47,68}}</string>
                <key>sourceSize</key>
                <string>{47,68}</string>
            </dict>
            <key>standingR-1.png</key>
            <dict>
                <key>frame</key>
                <string>{{1,639},{47,68}}</string>
                <key>offset</key>
                <string>{0,0}</string>
                <key>rotated</key>
                <false/>
                <key>sourceColorRect</key>
                <string>{{0,0},{47,68}}</string>
                <key>sourceSize</key>
                <string>{47,68}</string>
            </dict>
            <key>standingR-2.png</key>
            <dict>
                <key>frame</key>
                <string>{{49,639},{47,68}}</string>
                <key>offset</key>
                <string>{0,0}</string>
                <key>rotated</key>
                <false/>
                <key>sourceColorRect</key>
                <string>{{0,0},{47,68}}</string>
                <key>sourceSize</key>
                <string>{47,68}</string>
            </dict>
            <key>standingR-3.png</key>
            <dict>
                <key>frame</key>
                <string>{{97,639},{47,68}}</string>
                <key>offset</key>
                <string>{0,0}</string>
                <key>rotated</key>
                <false/>
                <key>sourceColorRect</key>
                <string>{{0,0},{47,68}}</string>
                <key>sourceSize</key>
                <string>{47,68}</string>
            </dict>
            <key>standingR-4.png</key>
            <dict>
                <key>frame</key>
                <string>{{145,639},{47,68}}</string>
                <key>offset</key>
                <string>{0,0}</string>
                <key>rotated</key>
                <false/>
                <key>sourceColorRect</key>
                <string>{{0,0},{47,68}}</string>
                <key>sourceSize</key>
                <string>{47,68}</string>
            </dict>
            <key>walkingL-1.png</key>
            <dict>
                <key>frame</key>
                <string>{{193,639},{47,68}}</string>
                <key>offset</key>
                <string>{0,0}</string>
                <key>rotated</key>
                <false/>
                <key>sourceColorRect</key>
                <string>{{0,0},{47,68}}</string>
                <key>sourceSize</key>
                <string>{47,68}</string>
            </dict>
            <key>walkingL-2.png</key>
            <dict>
                <key>frame</key>
                <string>{{1,708},{47,68}}</string>
                <key>offset</key>
                <string>{0,0}</string>
                <key>rotated</key>
                <false/>
                <key>sourceColorRect</key>
                <string>{{0,0},{47,68}}</string>
                <key>sourceSize</key>
                <string>{47,68}</string>
            </dict>
            <key>walkingL-3.png</key>
            <dict>
                <key>frame</key>
                <string>{{49,708},{47,68}}</string>
                <key>offset</key>
                <string>{0,0}</string>
                <key>rotated</key>
                <false/>
                <key>sourceColorRect</key>
                <string>{{0,0},{47,68}}</string>
                <key>sourceSize</key>
                <string>{47,68}</string>
            </dict>
            <key>walkingL-4.png</key>
            <dict>
                <key>frame</key>
                <string>{{97,708},{47,68}}</string>
                <key>offset</key>
                <string>{0,0}</string>
                <key>rotated</key>
                <false/>
                <key>sourceColorRect</key>
                <string>{{0,0},{47,68}}</string>
                <key>sourceSize</key>
                <string>{47,68}</string>
            </dict>
            <key>walkingR-1.png</key>
            <dict>
                <key>frame</key>
                <string>{{145,708},{47,68}}</string>
                <key>offset</key>
                <string>{0,0}</string>
                <key>rotated</key>
                <false/>
                <key>sourceColorRect</key>
                <string>{{0,0},{47,68}}</string>
                <key>sourceSize</key>
                <string>{47,68}</string>
            </dict>
            <key>walkingR-2.png</key>
            <dict>
                <key>frame</key>
                <string>{{193,708},{47,68}}</string>
                <key>offset</key>
                <string>{0,0}</string>
                <key>rotated</key>
                <false/>
                <key>sourceColorRect</key>
                <string>{{0,0},{47,68}}</string>
                <key>sourceSize</key>
                <string>{47,68}</string>
            </dict>
            <key>walkingR-3.png</key>
            <dict>
                <key>frame</key>
                <string>{{1,777},{47,68}}</string>
                <key>offset</key>
                <string>{0,0}</string>
                <key>rotated</key>
                <false/>
                <key>sourceColorRect</key>
                <string>{{0,0},{47,68}}</string>
                <key>sourceSize</key>
                <string>{47,68}</string>
            </dict>
            <key>walkingR-4.png</key>
            <dict>
                <key>frame</key>
                <string>{{49,777},{47,68}}</string>
                <key>offset</key>
                <string>{0,0}</string>
                <key>rotated</key>
                <false/>
                <key>sourceColorRect</key>
                <string>{{0,0},{47,68}}</string>
                <key>sourceSize</key>
                <string>{47,68}</string>
            </dict>
        </dict>
        <key>metadata</key>
        <dict>
            <key>format</key>
            <integer>2</integer>
            <key>realTextureFileName</key>
            <string>Gordo.png</string>
            <key>size</key>
            <string>{256,1024}</string>
            <key>smartupdate</key>
            <string>$TexturePacker:SmartUpdate:cf4306db882e25b5597ac9d5ed5682c1$</string>
            <key>textureFileName</key>
            <string>Gordo.png</string>
        </dict>
    </dict>
</plist>
